instant,hs_mesure,tp_mesure,tm_mesure,dir_mesure,etalement,eau_mesure,vent_estime_kt,hs_prevu,tp_prevu,dir_prevu,eau_prevue,vent_prevu_kt
2026-10-05T15,0.4,2.92,2.82,225,41.677,19.14,11.7,0.28,3.2,236,19.2,8.1
2026-10-05T17,0.47,3.2,2.94,233.201,37.576,19.04,11.7,0.42,3.0,236,19.2,10.6
2026-10-05T20,0.59,3.66,3.1,279.55,32.15,18.98,11.7,,,,,
2026-10-05T23,0.483,3.657,3.031,290.257,33.91,18.99,9.7,,,,,
2026-10-06T02,0.338,3.793,2.997,250.951,52.921,19.01,5.7,,,,,
2026-10-06T05,0.27,3.8,2.98,245.3,58.979,18.86,3.9,,,,,
2026-10-06T08,0.25,5.68,2.88,239.021,48.873,18.86,3.1,0.14,5.4,236,19.1,4.8
2026-10-06T11,0.22,2.62,3.06,294.927,57.901,18.9,3.1,0.14,5.8,236,19.2,7.0
2026-10-06T14,0.23,2.5,2.74,223.76,48.696,18.96,4.7,0.12,6.1,234,19.2,3.4
2026-10-06T17,0.16,25.6,4.12,319.399,78.807,18.98,0.8,0.14,5.4,219,19.2,10.6
2026-10-06T20,0.23,6.02,2.6,238.306,42.586,18.88,5.4,,,,,
2026-10-06T23,0.2,6.82,2.88,276.226,61.032,18.94,3.1,,,,,
2026-10-07T02,0.258,1.862,2.293,126.873,46.107,18.94,5.6,,,,,
2026-10-07T05,0.24,2.38,2.48,144.318,62.473,18.9,6.2,,,,,
2026-10-07T08,0.21,2.92,2.8,308.13,59.418,18.82,2.3,0.4,3.0,76,19.0,7.3
2026-10-07T11,0.22,3.54,3.1,307.107,70.799,18.84,2.3,0.42,3.0,66,19.0,4.5
2026-10-07T14,0.32,3.2,2.64,337.166,33.777,18.9,7.8,0.42,2.8,38,19.0,11.7
2026-10-07T17,1.148,25.602,6.286,168.513,71.7,18.88,13.3,0.54,2.9,11,19.0,19.4
2026-10-07T19,1.347,25.602,5.52,124.993,67.208,18.8,17.3,,,,,
2026-10-07T23,1.69,6.82,5.14,350.496,27.823,18.76,16.3,,,,,
2026-10-08T02,1.5,6.82,4.58,356.634,27.803,18.74,21.0,,,,,
2026-10-08T05,1.25,25.6,6.56,107.393,77.507,18.64,10.9,,,,,
2026-10-08T08,1.15,20.48,5.38,140.528,73.722,18.54,14.0,0.46,3.0,319,18.6,23.3
2026-10-08T11,1.41,4.88,4.84,300.755,51.354,18.54,20.2,0.44,2.9,320,18.6,20.2
